modelName,horizonMinutes,segment,n,mae,smape,p90CoveragePct
chronos,15,normal,9408,6.43,1.94,92.4
chronos,15,flash-crowd,672,26.66,4.25,78.4
chronos,30,normal,9408,8.81,2.54,95.5
chronos,30,flash-crowd,672,38.13,5.98,77.5
chronos,60,normal,9408,14.68,4.04,97.4
chronos,60,flash-crowd,672,72.59,11.11,69.3
timesfm,15,normal,9408,6.98,2.06,92.9
timesfm,15,flash-crowd,672,26.04,4.19,84.8
timesfm,30,normal,9408,9.56,2.76,95.4
timesfm,30,flash-crowd,672,41.29,6.48,77.4
timesfm,60,normal,9408,16.33,4.47,96.7
timesfm,60,flash-crowd,672,77.36,11.58,70.4
moirai,15,normal,9408,7.23,2.21,93.0
moirai,15,flash-crowd,672,28.14,4.4,80.8
moirai,30,normal,9408,10.61,3.07,95.8
moirai,30,flash-crowd,672,46.91,7.23,75.9
moirai,60,normal,9408,16.38,4.58,97.8
moirai,60,flash-crowd,672,86.87,13.14,68.6
ttm,15,normal,9408,8.26,2.45,91.8
ttm,15,flash-crowd,672,31.14,4.99,81.8
ttm,30,normal,9408,11.55,3.3,95.0
ttm,30,flash-crowd,672,56.53,8.86,76.3
ttm,60,normal,9408,19.43,5.32,96.8
ttm,60,flash-crowd,672,92.34,14.32,66.8
seasonal-naive,15,normal,9408,27.62,6.65,91.0
seasonal-naive,15,flash-crowd,672,211.33,32.7,25.6
seasonal-naive,30,normal,9408,27.64,6.66,91.1
seasonal-naive,30,flash-crowd,672,211.33,32.7,25.7
seasonal-naive,60,normal,9408,27.66,6.66,91.3
seasonal-naive,60,flash-crowd,672,211.33,32.7,26.2
xgboost,15,normal,9408,4.21,1.2,90.3
xgboost,15,flash-crowd,672,30.92,4.8,82.4
xgboost,30,normal,9408,5.75,1.62,90.0
xgboost,30,flash-crowd,672,57.09,8.67,69.8
xgboost,60,normal,9408,7.17,2.05,89.1
xgboost,60,flash-crowd,672,77.1,11.43,56.4
lstm,15,normal,9408,4.37,1.26,95.3
lstm,15,flash-crowd,672,30.83,5.09,86.5
lstm,30,normal,9408,5.62,1.63,94.7
lstm,30,flash-crowd,672,43.68,6.82,80.5
lstm,60,normal,9408,7.32,2.13,93.2
lstm,60,flash-crowd,672,58.68,8.82,69.0
