modelName,modelType,horizonMinutes,mae,rmse,smape,mase,p90CoveragePct,inferenceLatencyMs,costPer1kInferencesUsd,memoryFootprintMb,simulated,host,fitSeconds
chronos,foundation,15,7.78,15.28,2.1,0.234,91.5,140.0,0.054756,620,True,sagemaker-ml.g5.xlarge,0.0
chronos,foundation,30,10.77,22.49,2.77,0.318,94.3,140.0,0.054756,620,True,sagemaker-ml.g5.xlarge,0.0
chronos,foundation,60,18.54,41.17,4.51,0.554,95.5,140.0,0.054756,620,True,sagemaker-ml.g5.xlarge,0.0
timesfm,foundation,15,8.25,16.42,2.2,0.244,92.4,95.0,0.037156,410,True,sagemaker-ml.g5.xlarge,0.0
timesfm,foundation,30,11.68,24.74,3.01,0.345,94.2,95.0,0.037156,410,True,sagemaker-ml.g5.xlarge,0.0
timesfm,foundation,60,20.4,44.87,4.94,0.606,95.0,95.0,0.037156,410,True,sagemaker-ml.g5.xlarge,0.0
moirai,foundation,15,8.63,17.15,2.35,0.256,92.2,180.0,0.0704,780,True,sagemaker-ml.g5.xlarge,0.0
moirai,foundation,30,13.03,27.35,3.34,0.384,94.5,180.0,0.0704,780,True,sagemaker-ml.g5.xlarge,0.0
moirai,foundation,60,21.08,46.71,5.15,0.627,95.8,180.0,0.0704,780,True,sagemaker-ml.g5.xlarge,0.0
ttm,foundation,15,9.78,19.72,2.62,0.292,91.2,60.0,0.003967,260,True,sagemaker-ml.c6i.xlarge,0.0
ttm,foundation,30,14.55,31.29,3.67,0.428,93.7,60.0,0.003967,260,True,sagemaker-ml.c6i.xlarge,0.0
ttm,foundation,60,24.29,52.21,5.92,0.722,94.8,60.0,0.003967,260,True,sagemaker-ml.c6i.xlarge,0.0
seasonal-naive,baseline,15,39.87,107.12,8.39,1.178,86.6,0.004,0.0,18,False,fargate-1vcpu,0.0
seasonal-naive,baseline,30,39.89,107.14,8.39,1.178,86.7,0.004,0.0,18,False,fargate-1vcpu,0.0
seasonal-naive,baseline,60,39.9,107.15,8.39,1.179,86.9,0.004,0.0,18,False,fargate-1vcpu,0.0
xgboost,baseline,15,5.99,18.61,1.44,0.179,89.7,2.353,3.2e-05,89,False,fargate-1vcpu,3.25
xgboost,baseline,30,9.17,28.51,2.09,0.272,88.6,2.353,3.2e-05,89,False,fargate-1vcpu,3.25
xgboost,baseline,60,11.84,34.78,2.68,0.351,86.9,2.353,3.2e-05,89,False,fargate-1vcpu,3.25
lstm,baseline,15,6.14,16.99,1.51,0.183,94.7,0.469,6e-06,135,False,fargate-1vcpu,13.92
lstm,baseline,30,8.16,20.96,1.98,0.242,93.7,0.469,6e-06,135,False,fargate-1vcpu,13.92
lstm,baseline,60,10.75,25.94,2.57,0.323,91.6,0.469,6e-06,135,False,fargate-1vcpu,13.92
