policy,policyLabel,timestamp,region,instanceHours,taskHours,modelInferenceCostUsd,infrastructureCostUsd,slaViolationMinutes,overloadEvents,underutilizationEvents,scalingOscillations,avgUtilizationPct,cost_ecs-task,cost_ec2-asg,cost_origin-capacity,cost_transcoding-worker
static,Static schedule,2026-09-21T00:00:00+00:00,us-east,1424.8,2261.5,0.0,5188.28,0,0,0,0,64.7,949.83,1077.11,726.18,2435.16
static,Static schedule,2026-09-22T00:00:00+00:00,us-east,1435.6,2279.0,0.0,5225.29,15,4,0,0,65.0,957.18,1085.3,731.72,2451.09
static,Static schedule,2026-09-23T00:00:00+00:00,us-east,1435.6,2279.0,0.0,5225.29,70,4,0,0,67.4,957.18,1085.3,731.72,2451.09
static,Static schedule,2026-09-24T00:00:00+00:00,us-east,1435.6,2279.0,0.0,5225.29,0,0,0,0,66.9,957.18,1085.3,731.72,2451.09
static,Static schedule,2026-09-25T00:00:00+00:00,us-east,1435.6,2279.0,0.0,5225.29,0,0,0,0,64.8,957.18,1085.3,731.72,2451.09
static,Static schedule,2026-09-26T00:00:00+00:00,us-east,1435.6,2279.0,0.0,5225.29,75,8,0,0,78.0,957.18,1085.3,731.72,2451.09
static,Static schedule,2026-09-27T00:00:00+00:00,us-east,1435.6,2279.0,0.0,5225.29,0,0,0,0,72.1,957.18,1085.3,731.72,2451.09
static,Static schedule,2026-09-21T00:00:00+00:00,us-west,789.0,1252.2,0.0,2888.48,0,0,0,0,67.8,525.91,596.48,407.82,1358.27
static,Static schedule,2026-09-22T00:00:00+00:00,us-west,789.3,1252.8,0.0,2889.82,0,0,0,0,66.8,526.19,596.74,407.99,1358.9
static,Static schedule,2026-09-23T00:00:00+00:00,us-west,789.3,1252.8,0.0,2889.82,0,0,0,0,66.6,526.19,596.74,407.99,1358.9
static,Static schedule,2026-09-24T00:00:00+00:00,us-west,789.3,1252.8,0.0,2889.82,0,0,0,0,65.9,526.19,596.74,407.99,1358.9
static,Static schedule,2026-09-25T00:00:00+00:00,us-west,789.3,1252.8,0.0,2889.82,0,0,0,0,67.0,526.19,596.74,407.99,1358.9
static,Static schedule,2026-09-26T00:00:00+00:00,us-west,789.3,1252.8,0.0,2889.82,70,4,0,0,78.2,526.19,596.74,407.99,1358.9
static,Static schedule,2026-09-27T00:00:00+00:00,us-west,789.3,1252.8,0.0,2889.82,55,8,0,0,76.5,526.19,596.74,407.99,1358.9
static,Static schedule,2026-09-21T00:00:00+00:00,eu-west,1095.8,1741.7,0.0,4018.69,0,0,8,0,65.5,731.5,828.45,561.12,1897.62
static,Static schedule,2026-09-22T00:00:00+00:00,eu-west,1095.8,1742.0,0.0,4018.92,0,0,4,0,65.1,731.64,828.45,561.12,1897.71
static,Static schedule,2026-09-23T00:00:00+00:00,eu-west,1095.8,1742.0,0.0,4018.92,0,0,4,0,65.6,731.64,828.45,561.12,1897.71
static,Static schedule,2026-09-24T00:00:00+00:00,eu-west,1095.8,1742.0,0.0,4018.92,70,4,0,0,71.3,731.64,828.45,561.12,1897.71
static,Static schedule,2026-09-25T00:00:00+00:00,eu-west,1095.8,1742.0,0.0,4018.92,0,0,4,0,67.4,731.64,828.45,561.12,1897.71
static,Static schedule,2026-09-26T00:00:00+00:00,eu-west,1095.8,1742.0,0.0,4018.92,35,4,0,0,80.3,731.64,828.45,561.12,1897.71
static,Static schedule,2026-09-27T00:00:00+00:00,eu-west,1095.8,1742.0,0.0,4018.92,0,0,6,0,73.9,731.64,828.45,561.12,1897.71
static,Static schedule,2026-09-21T00:00:00+00:00,ap-south,1270.4,2026.9,0.0,4671.72,0,0,0,0,63.9,851.3,960.43,651.59,2208.39
static,Static schedule,2026-09-22T00:00:00+00:00,ap-south,1270.9,2027.8,0.0,4673.61,0,0,0,0,64.1,851.65,960.81,651.76,2209.39
static,Static schedule,2026-09-23T00:00:00+00:00,ap-south,1270.9,2027.8,0.0,4673.61,10,4,0,0,64.6,851.65,960.81,651.76,2209.39
static,Static schedule,2026-09-24T00:00:00+00:00,ap-south,1270.9,2027.8,0.0,4673.61,5,4,0,0,64.8,851.65,960.81,651.76,2209.39
static,Static schedule,2026-09-25T00:00:00+00:00,ap-south,1270.9,2027.8,0.0,4673.61,0,0,0,0,67.8,851.65,960.81,651.76,2209.39
static,Static schedule,2026-09-26T00:00:00+00:00,ap-south,1270.9,2027.8,0.0,4673.61,60,4,0,0,77.2,851.65,960.81,651.76,2209.39
static,Static schedule,2026-09-27T00:00:00+00:00,ap-south,1270.9,2027.8,0.0,4673.61,0,0,0,0,71.4,851.65,960.81,651.76,2209.39
static,Static schedule,2026-09-21T00:00:00+00:00,sa-east,492.5,775.2,0.0,1790.61,0,0,2,0,63.0,325.57,372.33,257.96,834.74
static,Static schedule,2026-09-22T00:00:00+00:00,sa-east,494.3,777.8,0.0,1796.94,0,0,2,0,61.8,326.69,373.72,258.97,837.56
static,Static schedule,2026-09-23T00:00:00+00:00,sa-east,494.3,777.8,0.0,1796.94,0,0,0,0,62.2,326.69,373.72,258.97,837.56
static,Static schedule,2026-09-24T00:00:00+00:00,sa-east,494.3,777.8,0.0,1796.94,0,0,0,0,62.6,326.69,373.72,258.97,837.56
static,Static schedule,2026-09-25T00:00:00+00:00,sa-east,494.3,777.8,0.0,1796.94,0,0,0,0,63.3,326.69,373.72,258.97,837.56
static,Static schedule,2026-09-26T00:00:00+00:00,sa-east,494.3,777.8,0.0,1796.94,125,4,0,0,77.8,326.69,373.72,258.97,837.56
static,Static schedule,2026-09-27T00:00:00+00:00,sa-east,494.3,777.8,0.0,1796.94,40,4,0,0,71.7,326.69,373.72,258.97,837.56
reactive,Reactive (70% CPU target),2026-09-21T00:00:00+00:00,us-east,1258.1,2000.3,0.0,4607.43,0,0,0,4,67.4,840.14,951.11,637.64,2178.54
reactive,Reactive (70% CPU target),2026-09-22T00:00:00+00:00,us-east,1258.0,2001.8,0.0,4613.55,0,0,0,7,67.5,840.77,951.05,640.42,2181.32
reactive,Reactive (70% CPU target),2026-09-23T00:00:00+00:00,us-east,1322.7,2108.2,0.0,4816.78,10,4,0,2,67.8,885.43,999.94,670.66,2260.76
reactive,Reactive (70% CPU target),2026-09-24T00:00:00+00:00,us-east,1362.2,2178.0,0.0,4924.63,0,0,0,8,67.4,914.76,1029.8,691.15,2288.92
reactive,Reactive (70% CPU target),2026-09-25T00:00:00+00:00,us-east,1246.9,1993.1,0.0,4579.28,0,0,0,6,67.5,837.1,942.67,631.85,2167.67
reactive,Reactive (70% CPU target),2026-09-26T00:00:00+00:00,us-east,1565.7,2496.2,0.0,5706.74,20,8,0,17,68.0,1048.42,1183.64,792.54,2682.13
reactive,Reactive (70% CPU target),2026-09-27T00:00:00+00:00,us-east,1400.8,2229.2,0.0,5137.25,0,0,0,6,67.2,936.29,1058.97,711.48,2430.52
reactive,Reactive (70% CPU target),2026-09-21T00:00:00+00:00,us-west,791.5,1256.4,0.0,2895.38,0,0,0,3,66.8,527.69,598.37,405.13,1364.18
reactive,Reactive (70% CPU target),2026-09-22T00:00:00+00:00,us-west,772.8,1238.7,0.0,2846.23,0,0,0,7,66.7,520.24,584.26,397.07,1344.66
reactive,Reactive (70% CPU target),2026-09-23T00:00:00+00:00,us-west,768.2,1220.2,0.0,2811.07,0,0,0,1,66.7,512.5,580.73,393.88,1323.96
reactive,Reactive (70% CPU target),2026-09-24T00:00:00+00:00,us-west,759.9,1203.5,0.0,2769.2,0,0,0,4,66.7,505.47,574.5,385.48,1303.76
reactive,Reactive (70% CPU target),2026-09-25T00:00:00+00:00,us-west,774.0,1232.9,0.0,2836.98,0,0,0,0,67.0,517.83,585.14,395.81,1338.2
reactive,Reactive (70% CPU target),2026-09-26T00:00:00+00:00,us-west,895.1,1422.8,0.0,3280.9,5,1,0,13,67.2,597.59,676.68,458.22,1548.41
reactive,Reactive (70% CPU target),2026-09-27T00:00:00+00:00,us-west,885.5,1407.5,0.0,3242.01,0,0,0,6,67.2,591.15,669.44,451.08,1530.35
reactive,Reactive (70% CPU target),2026-09-21T00:00:00+00:00,eu-west,919.6,1458.2,0.0,3364.32,10,4,0,13,67.2,612.46,695.2,468.97,1587.68
reactive,Reactive (70% CPU target),2026-09-22T00:00:00+00:00,eu-west,904.2,1443.0,0.0,3317.14,0,0,0,5,67.0,606.06,683.61,458.22,1569.25
reactive,Reactive (70% CPU target),2026-09-23T00:00:00+00:00,eu-west,912.1,1452.9,0.0,3344.69,0,0,0,0,66.9,610.23,689.53,462.67,1582.26
reactive,Reactive (70% CPU target),2026-09-24T00:00:00+00:00,eu-west,1087.7,1736.2,0.0,3990.94,0,0,0,5,67.5,729.19,822.28,553.73,1885.75
reactive,Reactive (70% CPU target),2026-09-25T00:00:00+00:00,eu-west,964.8,1536.3,0.0,3535.26,0,0,0,2,67.4,645.26,729.35,489.89,1670.76
reactive,Reactive (70% CPU target),2026-09-26T00:00:00+00:00,eu-west,1225.8,1952.4,0.0,4452.48,25,8,3,5,68.0,820.01,926.73,622.61,2083.13
reactive,Reactive (70% CPU target),2026-09-27T00:00:00+00:00,eu-west,1021.6,1625.2,0.0,3749.35,0,0,0,2,67.2,682.57,772.32,521.56,1772.91
reactive,Reactive (70% CPU target),2026-09-21T00:00:00+00:00,ap-south,1094.8,1748.2,0.0,4022.4,0,0,0,0,67.5,734.23,827.69,556.75,1903.72
reactive,Reactive (70% CPU target),2026-09-22T00:00:00+00:00,ap-south,1104.4,1765.6,0.0,4057.74,0,0,0,1,67.4,741.54,834.94,562.3,1918.96
reactive,Reactive (70% CPU target),2026-09-23T00:00:00+00:00,ap-south,1123.0,1784.0,0.0,4108.65,5,4,0,9,67.1,749.28,848.99,567.67,1942.71
reactive,Reactive (70% CPU target),2026-09-24T00:00:00+00:00,ap-south,1129.8,1796.2,0.0,4140.77,5,4,0,13,67.3,754.39,854.09,575.65,1956.64
reactive,Reactive (70% CPU target),2026-09-25T00:00:00+00:00,ap-south,1202.2,1912.8,0.0,4402.84,0,0,0,5,67.6,803.39,908.84,609.67,2080.94
reactive,Reactive (70% CPU target),2026-09-26T00:00:00+00:00,ap-south,1344.6,2142.8,0.0,4933.97,0,0,0,11,67.9,899.95,1016.51,682.58,2334.92
reactive,Reactive (70% CPU target),2026-09-27T00:00:00+00:00,ap-south,1228.3,1957.0,0.0,4508.09,0,0,0,0,67.1,821.94,928.62,625.13,2132.4
reactive,Reactive (70% CPU target),2026-09-21T00:00:00+00:00,sa-east,419.6,664.5,0.0,1531.98,0,0,0,2,66.5,279.09,317.21,214.87,720.81
reactive,Reactive (70% CPU target),2026-09-22T00:00:00+00:00,sa-east,417.4,656.3,0.0,1513.04,10,4,0,9,66.2,275.66,315.57,211.51,710.3
reactive,Reactive (70% CPU target),2026-09-23T00:00:00+00:00,sa-east,414.6,661.8,0.0,1516.9,0,0,0,2,66.3,277.93,313.43,213.19,712.35
reactive,Reactive (70% CPU target),2026-09-24T00:00:00+00:00,sa-east,417.7,661.8,0.0,1527.53,0,0,0,1,66.3,277.97,315.76,215.04,718.76
reactive,Reactive (70% CPU target),2026-09-25T00:00:00+00:00,sa-east,430.1,682.9,0.0,1570.44,0,0,0,0,66.3,286.82,325.14,221.0,737.46
reactive,Reactive (70% CPU target),2026-09-26T00:00:00+00:00,sa-east,571.3,907.8,0.0,2091.91,30,8,0,20,67.1,381.29,431.93,292.57,986.12
reactive,Reactive (70% CPU target),2026-09-27T00:00:00+00:00,sa-east,476.6,754.0,0.0,1736.25,10,4,0,7,66.7,316.68,360.3,244.27,815.0
predictive-xgboost-p90,Predictive P90 · xgboost,2026-09-21T00:00:00+00:00,us-east,1081.0,1723.8,0.06,3965.84,0,0,0,2,78.1,724.01,817.24,549.44,1875.15
predictive-xgboost-p90,Predictive P90 · xgboost,2026-09-22T00:00:00+00:00,us-east,1084.4,1723.7,0.06,3968.02,10,4,0,7,78.4,723.94,819.82,550.62,1873.64
predictive-xgboost-p90,Predictive P90 · xgboost,2026-09-23T00:00:00+00:00,us-east,1150.7,1835.5,0.06,4217.04,0,0,0,7,78.3,770.91,869.9,585.65,1990.58
predictive-xgboost-p90,Predictive P90 · xgboost,2026-09-24T00:00:00+00:00,us-east,1165.5,1855.5,0.06,4244.98,5,1,0,3,78.5,779.31,881.12,591.19,1993.36
predictive-xgboost-p90,Predictive P90 · xgboost,2026-09-25T00:00:00+00:00,us-east,1080.7,1719.3,0.06,3961.88,0,0,0,2,78.2,722.12,816.98,549.86,1872.92
predictive-xgboost-p90,Predictive P90 · xgboost,2026-09-26T00:00:00+00:00,us-east,1362.8,2168.7,0.06,4989.39,10,4,0,20,78.4,910.84,1030.3,690.98,2357.26
predictive-xgboost-p90,Predictive P90 · xgboost,2026-09-27T00:00:00+00:00,us-east,1197.5,1908.8,0.06,4391.98,0,0,0,11,78.4,801.67,905.31,608.92,2076.07
predictive-xgboost-p90,Predictive P90 · xgboost,2026-09-21T00:00:00+00:00,us-west,680.1,1082.5,0.06,2497.61,0,0,0,2,77.4,454.65,514.14,349.27,1179.54
predictive-xgboost-p90,Predictive P90 · xgboost,2026-09-22T00:00:00+00:00,us-west,671.7,1069.1,0.06,2459.86,0,0,0,6,77.3,449.01,507.78,341.63,1161.43
predictive-xgboost-p90,Predictive P90 · xgboost,2026-09-23T00:00:00+00:00,us-west,656.3,1046.0,0.06,2409.7,0,0,0,1,77.9,439.32,496.19,336.42,1137.77
predictive-xgboost-p90,Predictive P90 · xgboost,2026-09-24T00:00:00+00:00,us-west,649.6,1033.8,0.06,2380.73,0,0,0,3,77.7,434.18,491.09,333.9,1121.58
predictive-xgboost-p90,Predictive P90 · xgboost,2026-09-25T00:00:00+00:00,us-west,665.8,1061.8,0.06,2440.83,0,0,0,1,77.7,445.97,503.31,340.54,1151.01
predictive-xgboost-p90,Predictive P90 · xgboost,2026-09-26T00:00:00+00:00,us-west,774.7,1230.8,0.06,2833.65,0,0,0,16,77.6,516.91,585.65,397.07,1334.01
predictive-xgboost-p90,Predictive P90 · xgboost,2026-09-27T00:00:00+00:00,us-west,765.8,1219.7,0.06,2805.26,0,0,0,5,77.8,512.26,578.97,391.44,1322.59
predictive-xgboost-p90,Predictive P90 · xgboost,2026-09-21T00:00:00+00:00,eu-west,787.2,1259.4,0.06,2891.59,20,8,0,12,77.9,528.95,595.1,404.63,1362.91
predictive-xgboost-p90,Predictive P90 · xgboost,2026-09-22T00:00:00+00:00,eu-west,782.5,1241.7,0.06,2861.28,0,0,0,1,77.4,521.5,591.57,399.59,1348.62
predictive-xgboost-p90,Predictive P90 · xgboost,2026-09-23T00:00:00+00:00,eu-west,780.8,1248.0,0.06,2861.42,0,0,0,1,78.2,524.16,590.31,397.24,1349.71
predictive-xgboost-p90,Predictive P90 · xgboost,2026-09-24T00:00:00+00:00,eu-west,961.6,1528.3,0.06,3519.69,5,2,0,19,77.4,641.9,726.96,484.85,1665.98
predictive-xgboost-p90,Predictive P90 · xgboost,2026-09-25T00:00:00+00:00,eu-west,869.8,1383.2,0.06,3179.55,0,0,0,12,76.2,580.93,657.59,442.85,1498.18
predictive-xgboost-p90,Predictive P90 · xgboost,2026-09-26T00:00:00+00:00,eu-west,1065.8,1695.3,0.06,3904.66,15,12,0,13,78.2,712.04,805.77,540.96,1845.89
predictive-xgboost-p90,Predictive P90 · xgboost,2026-09-27T00:00:00+00:00,eu-west,879.7,1398.8,0.06,3217.81,0,0,0,4,78.2,587.47,665.03,447.97,1517.33
predictive-xgboost-p90,Predictive P90 · xgboost,2026-09-21T00:00:00+00:00,ap-south,944.8,1504.6,0.06,3463.49,0,0,0,1,78.2,631.92,714.23,481.15,1636.18
predictive-xgboost-p90,Predictive P90 · xgboost,2026-09-22T00:00:00+00:00,ap-south,952.2,1512.6,0.06,3489.49,0,0,0,2,78.4,635.28,719.84,484.76,1649.6
predictive-xgboost-p90,Predictive P90 · xgboost,2026-09-23T00:00:00+00:00,ap-south,959.8,1531.2,0.06,3525.86,5,4,0,13,78.0,643.12,725.57,492.32,1664.85
predictive-xgboost-p90,Predictive P90 · xgboost,2026-09-24T00:00:00+00:00,ap-south,976.5,1550.8,0.06,3575.12,10,4,0,21,78.0,651.31,738.23,497.62,1687.96
predictive-xgboost-p90,Predictive P90 · xgboost,2026-09-25T00:00:00+00:00,ap-south,1065.8,1697.5,0.06,3910.7,0,0,0,3,77.0,712.95,805.71,543.65,1848.39
predictive-xgboost-p90,Predictive P90 · xgboost,2026-09-26T00:00:00+00:00,ap-south,1165.7,1858.9,0.06,4279.89,5,2,0,9,78.1,780.75,881.24,593.29,2024.61
predictive-xgboost-p90,Predictive P90 · xgboost,2026-09-27T00:00:00+00:00,ap-south,1057.2,1682.4,0.06,3874.8,0,0,0,3,78.2,706.61,799.28,539.03,1829.87
predictive-xgboost-p90,Predictive P90 · xgboost,2026-09-21T00:00:00+00:00,sa-east,361.2,571.6,0.06,1317.67,0,0,0,0,77.2,240.06,273.04,186.9,617.66
predictive-xgboost-p90,Predictive P90 · xgboost,2026-09-22T00:00:00+00:00,sa-east,356.3,564.9,0.06,1300.82,10,4,0,7,77.0,237.26,269.39,183.88,610.29
predictive-xgboost-p90,Predictive P90 · xgboost,2026-09-23T00:00:00+00:00,sa-east,358.8,567.4,0.06,1307.49,0,0,0,0,76.9,238.31,271.28,184.97,612.93
predictive-xgboost-p90,Predictive P90 · xgboost,2026-09-24T00:00:00+00:00,sa-east,361.8,571.1,0.06,1315.41,0,0,0,3,76.8,239.86,273.55,186.4,615.62
predictive-xgboost-p90,Predictive P90 · xgboost,2026-09-25T00:00:00+00:00,sa-east,372.5,589.6,0.06,1365.24,0,0,0,8,76.7,247.62,281.61,192.86,643.14
predictive-xgboost-p90,Predictive P90 · xgboost,2026-09-26T00:00:00+00:00,sa-east,491.6,778.8,0.06,1796.18,15,8,0,24,77.6,327.07,371.64,251.66,845.8
predictive-xgboost-p90,Predictive P90 · xgboost,2026-09-27T00:00:00+00:00,sa-east,408.8,647.9,0.06,1492.14,5,4,0,5,77.5,272.12,309.08,209.83,701.11
predictive-lstm-p90,Predictive P90 · lstm,2026-09-21T00:00:00+00:00,us-east,1091.3,1736.0,0.06,3999.76,0,0,0,4,77.5,729.12,825.05,554.06,1891.53
predictive-lstm-p90,Predictive P90 · lstm,2026-09-22T00:00:00+00:00,us-east,1092.8,1741.8,0.06,4006.31,10,4,0,6,78.0,731.53,826.12,555.49,1893.16
predictive-lstm-p90,Predictive P90 · lstm,2026-09-23T00:00:00+00:00,us-east,1159.2,1842.6,0.06,4234.22,0,0,0,8,77.9,773.88,876.39,589.76,1994.17
predictive-lstm-p90,Predictive P90 · lstm,2026-09-24T00:00:00+00:00,us-east,1165.2,1856.8,0.06,4253.99,10,4,0,2,78.2,779.87,880.87,591.53,2001.73
predictive-lstm-p90,Predictive P90 · lstm,2026-09-25T00:00:00+00:00,us-east,1073.8,1712.8,0.06,3941.9,0,0,0,4,78.4,719.35,811.82,544.91,1865.82
predictive-lstm-p90,Predictive P90 · lstm,2026-09-26T00:00:00+00:00,us-east,1381.0,2206.3,0.06,5058.01,20,8,0,12,77.6,926.66,1044.04,702.66,2384.66
predictive-lstm-p90,Predictive P90 · lstm,2026-09-27T00:00:00+00:00,us-east,1205.4,1917.8,0.06,4419.49,0,0,0,7,78.1,805.49,911.29,612.61,2090.09
predictive-lstm-p90,Predictive P90 · lstm,2026-09-21T00:00:00+00:00,us-west,685.4,1092.8,0.06,2515.17,0,0,0,1,76.8,458.95,518.17,351.62,1186.41
predictive-lstm-p90,Predictive P90 · lstm,2026-09-22T00:00:00+00:00,us-west,673.1,1070.8,0.06,2464.12,0,0,0,6,77.2,449.72,508.85,342.3,1163.25
predictive-lstm-p90,Predictive P90 · lstm,2026-09-23T00:00:00+00:00,us-west,661.4,1054.6,0.06,2427.7,0,0,0,1,77.3,442.92,500.03,338.69,1146.05
predictive-lstm-p90,Predictive P90 · lstm,2026-09-24T00:00:00+00:00,us-west,655.7,1043.6,0.06,2405.31,0,0,0,0,77.0,438.31,495.68,337.09,1134.22
predictive-lstm-p90,Predictive P90 · lstm,2026-09-25T00:00:00+00:00,us-west,666.8,1063.7,0.06,2445.24,0,0,0,2,77.5,446.74,504.13,341.63,1152.74
predictive-lstm-p90,Predictive P90 · lstm,2026-09-26T00:00:00+00:00,us-west,780.1,1241.4,0.06,2862.05,0,0,0,20,77.2,521.39,589.74,399.92,1350.99
predictive-lstm-p90,Predictive P90 · lstm,2026-09-27T00:00:00+00:00,us-west,764.8,1224.3,0.06,2818.04,0,0,0,5,77.1,514.22,578.21,395.64,1329.97
predictive-lstm-p90,Predictive P90 · lstm,2026-09-21T00:00:00+00:00,eu-west,793.6,1260.9,0.06,2909.04,20,8,0,12,77.5,529.58,599.95,408.41,1371.1
predictive-lstm-p90,Predictive P90 · lstm,2026-09-22T00:00:00+00:00,eu-west,783.6,1241.1,0.06,2860.91,0,0,0,2,77.5,521.26,592.39,398.33,1348.94
predictive-lstm-p90,Predictive P90 · lstm,2026-09-23T00:00:00+00:00,eu-west,788.0,1250.6,0.06,2885.37,0,0,0,4,77.4,525.25,595.73,401.86,1362.54
predictive-lstm-p90,Predictive P90 · lstm,2026-09-24T00:00:00+00:00,eu-west,965.8,1535.8,0.06,3535.33,5,2,0,10,76.7,645.05,730.17,490.9,1669.21
predictive-lstm-p90,Predictive P90 · lstm,2026-09-25T00:00:00+00:00,eu-west,847.5,1357.9,0.06,3113.04,0,0,0,0,77.0,570.33,640.71,431.76,1470.24
predictive-lstm-p90,Predictive P90 · lstm,2026-09-26T00:00:00+00:00,eu-west,1063.8,1692.8,0.06,3899.6,15,8,0,12,78.0,710.99,804.26,541.97,1842.39
predictive-lstm-p90,Predictive P90 · lstm,2026-09-27T00:00:00+00:00,eu-west,880.5,1404.5,0.06,3233.34,0,0,0,8,77.8,589.89,665.66,448.81,1528.98
predictive-lstm-p90,Predictive P90 · lstm,2026-09-21T00:00:00+00:00,ap-south,948.3,1513.9,0.06,3481.87,0,0,0,1,77.8,635.85,716.94,483.76,1645.33
predictive-lstm-p90,Predictive P90 · lstm,2026-09-22T00:00:00+00:00,ap-south,957.0,1526.3,0.06,3514.3,0,0,0,1,77.7,641.06,723.49,489.64,1660.11
predictive-lstm-p90,Predictive P90 · lstm,2026-09-23T00:00:00+00:00,ap-south,962.9,1532.8,0.06,3529.87,10,4,0,9,77.8,643.75,727.97,493.08,1665.07
predictive-lstm-p90,Predictive P90 · lstm,2026-09-24T00:00:00+00:00,ap-south,975.8,1556.4,0.06,3580.34,10,4,0,14,77.7,653.69,737.67,497.7,1691.28
predictive-lstm-p90,Predictive P90 · lstm,2026-09-25T00:00:00+00:00,ap-south,1046.2,1667.2,0.06,3837.2,0,0,0,8,77.6,700.25,790.97,532.81,1813.18
predictive-lstm-p90,Predictive P90 · lstm,2026-09-26T00:00:00+00:00,ap-south,1173.2,1871.8,0.06,4299.81,0,0,0,12,77.9,786.17,886.98,595.81,2030.85
predictive-lstm-p90,Predictive P90 · lstm,2026-09-27T00:00:00+00:00,ap-south,1057.8,1687.0,0.06,3881.33,0,0,0,0,78.0,708.54,799.66,536.34,1836.79
predictive-lstm-p90,Predictive P90 · lstm,2026-09-21T00:00:00+00:00,sa-east,363.6,576.7,0.06,1329.61,0,0,0,4,76.4,242.2,274.87,188.33,624.21
predictive-lstm-p90,Predictive P90 · lstm,2026-09-22T00:00:00+00:00,sa-east,359.0,568.7,0.06,1310.19,10,4,0,10,76.4,238.84,271.4,185.47,614.48
predictive-lstm-p90,Predictive P90 · lstm,2026-09-23T00:00:00+00:00,sa-east,360.1,569.2,0.06,1311.49,0,0,0,1,76.6,239.05,272.22,185.56,614.66
predictive-lstm-p90,Predictive P90 · lstm,2026-09-24T00:00:00+00:00,sa-east,361.4,571.8,0.06,1319.67,0,0,0,5,76.5,240.17,273.23,187.15,619.12
predictive-lstm-p90,Predictive P90 · lstm,2026-09-25T00:00:00+00:00,sa-east,372.8,589.1,0.06,1362.98,0,0,0,2,76.6,247.42,281.8,191.94,641.82
predictive-lstm-p90,Predictive P90 · lstm,2026-09-26T00:00:00+00:00,sa-east,504.3,802.6,0.06,1842.83,15,8,0,12,76.7,337.09,381.28,257.96,866.5
predictive-lstm-p90,Predictive P90 · lstm,2026-09-27T00:00:00+00:00,sa-east,411.5,650.7,0.06,1499.27,15,4,0,12,77.1,273.28,311.09,211.01,703.88
predictive-chronos-p90,Predictive P90 · chronos,2026-09-21T00:00:00+00:00,us-east,1102.2,1752.9,6.76,4036.77,0,0,0,7,76.9,736.23,833.3,560.11,1907.13
predictive-chronos-p90,Predictive P90 · chronos,2026-09-22T00:00:00+00:00,us-east,1104.9,1760.2,6.76,4053.18,0,0,0,9,76.7,739.27,835.32,560.95,1917.64
predictive-chronos-p90,Predictive P90 · chronos,2026-09-23T00:00:00+00:00,us-east,1173.9,1865.2,6.76,4293.89,0,0,0,14,76.6,783.37,887.48,597.16,2025.89
predictive-chronos-p90,Predictive P90 · chronos,2026-09-24T00:00:00+00:00,us-east,1178.9,1884.2,6.76,4309.27,15,7,0,15,77.1,791.35,891.26,600.77,2025.89
predictive-chronos-p90,Predictive P90 · chronos,2026-09-25T00:00:00+00:00,us-east,1085.2,1728.0,6.76,3984.16,0,0,0,15,77.5,725.76,820.45,552.89,1885.07
predictive-chronos-p90,Predictive P90 · chronos,2026-09-26T00:00:00+00:00,us-east,1382.8,2218.3,6.76,5077.17,10,7,0,5,76.7,931.7,1045.42,703.84,2396.21
predictive-chronos-p90,Predictive P90 · chronos,2026-09-27T00:00:00+00:00,us-east,1225.4,1951.3,6.76,4496.3,0,0,0,10,76.7,819.56,926.41,623.2,2127.12
predictive-chronos-p90,Predictive P90 · chronos,2026-09-21T00:00:00+00:00,us-west,695.8,1104.3,6.76,2543.32,0,0,0,8,76.1,463.82,526.05,355.57,1197.88
predictive-chronos-p90,Predictive P90 · chronos,2026-09-22T00:00:00+00:00,us-west,680.4,1080.0,6.76,2488.15,0,0,0,3,76.5,453.6,514.39,346.16,1173.99
predictive-chronos-p90,Predictive P90 · chronos,2026-09-23T00:00:00+00:00,us-west,673.7,1070.0,6.76,2464.81,0,0,0,12,76.1,449.4,509.29,345.32,1160.8
predictive-chronos-p90,Predictive P90 · chronos,2026-09-24T00:00:00+00:00,us-west,668.2,1062.7,6.76,2445.1,0,0,0,1,75.7,446.32,505.13,340.45,1153.2
predictive-chronos-p90,Predictive P90 · chronos,2026-09-25T00:00:00+00:00,us-west,679.7,1080.2,6.76,2489.83,0,0,0,3,76.3,453.67,513.83,348.43,1173.9
predictive-chronos-p90,Predictive P90 · chronos,2026-09-26T00:00:00+00:00,us-west,789.2,1255.2,6.76,2890.58,0,0,0,14,76.1,527.2,596.67,401.52,1365.18
predictive-chronos-p90,Predictive P90 · chronos,2026-09-27T00:00:00+00:00,us-west,777.3,1234.8,6.76,2854.2,0,0,0,1,76.3,518.6,587.66,398.92,1349.03
predictive-chronos-p90,Predictive P90 · chronos,2026-09-21T00:00:00+00:00,eu-west,809.0,1290.2,6.76,2969.06,5,4,0,21,76.1,541.9,611.6,413.2,1402.36
predictive-chronos-p90,Predictive P90 · chronos,2026-09-22T00:00:00+00:00,eu-west,790.5,1260.9,6.76,2898.55,0,0,0,6,76.4,529.59,597.62,405.3,1366.05
predictive-chronos-p90,Predictive P90 · chronos,2026-09-23T00:00:00+00:00,eu-west,795.1,1269.6,6.76,2919.06,0,0,0,3,76.6,533.22,601.08,406.64,1378.1
predictive-chronos-p90,Predictive P90 · chronos,2026-09-24T00:00:00+00:00,eu-west,953.0,1517.2,6.76,3499.31,5,4,0,6,76.8,637.25,720.47,488.04,1653.56
predictive-chronos-p90,Predictive P90 · chronos,2026-09-25T00:00:00+00:00,eu-west,846.4,1350.3,6.76,3111.74,0,0,0,3,76.6,567.14,639.89,433.61,1471.11
predictive-chronos-p90,Predictive P90 · chronos,2026-09-26T00:00:00+00:00,eu-west,1074.7,1714.9,6.76,3950.51,15,12,0,11,76.7,720.26,812.45,547.43,1870.37
predictive-chronos-p90,Predictive P90 · chronos,2026-09-27T00:00:00+00:00,eu-west,892.8,1413.5,6.76,3261.37,0,0,0,21,77.1,593.67,674.92,452.42,1540.36
predictive-chronos-p90,Predictive P90 · chronos,2026-09-21T00:00:00+00:00,ap-south,959.0,1528.6,6.76,3521.28,0,0,0,10,77.0,642.0,725.0,489.97,1664.3
predictive-chronos-p90,Predictive P90 · chronos,2026-09-22T00:00:00+00:00,ap-south,973.6,1548.2,6.76,3565.45,0,0,0,3,76.7,650.23,736.03,497.2,1682.0
predictive-chronos-p90,Predictive P90 · chronos,2026-09-23T00:00:00+00:00,ap-south,984.0,1562.9,6.76,3600.87,0,0,0,11,76.4,656.42,743.9,501.48,1699.06
predictive-chronos-p90,Predictive P90 · chronos,2026-09-24T00:00:00+00:00,ap-south,993.3,1579.8,6.76,3634.65,5,3,0,8,76.6,663.5,750.96,504.76,1715.44
predictive-chronos-p90,Predictive P90 · chronos,2026-09-25T00:00:00+00:00,ap-south,1059.1,1685.6,6.76,3881.36,0,0,0,9,76.5,707.94,800.67,537.1,1835.65
predictive-chronos-p90,Predictive P90 · chronos,2026-09-26T00:00:00+00:00,ap-south,1182.3,1889.4,6.76,4339.18,5,2,0,8,76.9,793.55,893.84,602.28,2049.5
predictive-chronos-p90,Predictive P90 · chronos,2026-09-27T00:00:00+00:00,ap-south,1068.8,1702.2,6.76,3918.52,0,0,0,14,77.3,714.94,808.04,543.14,1852.4
predictive-chronos-p90,Predictive P90 · chronos,2026-09-21T00:00:00+00:00,sa-east,370.6,585.8,6.76,1350.46,0,0,0,2,75.3,246.01,280.16,190.43,633.86
predictive-chronos-p90,Predictive P90 · chronos,2026-09-22T00:00:00+00:00,sa-east,362.9,577.6,6.76,1329.21,10,4,0,5,75.1,242.58,274.37,188.41,623.85
predictive-chronos-p90,Predictive P90 · chronos,2026-09-23T00:00:00+00:00,sa-east,368.1,579.4,6.76,1334.46,0,0,0,10,74.9,243.36,278.27,189.76,623.08
predictive-chronos-p90,Predictive P90 · chronos,2026-09-24T00:00:00+00:00,sa-east,366.2,577.9,6.76,1334.6,0,0,0,1,75.7,242.72,276.82,188.24,626.81
predictive-chronos-p90,Predictive P90 · chronos,2026-09-25T00:00:00+00:00,sa-east,380.1,599.9,6.76,1383.65,0,0,0,2,75.2,251.97,287.34,195.47,648.88
predictive-chronos-p90,Predictive P90 · chronos,2026-09-26T00:00:00+00:00,sa-east,505.4,796.4,6.76,1840.56,15,11,0,13,75.6,334.5,382.1,257.38,866.59
predictive-chronos-p90,Predictive P90 · chronos,2026-09-27T00:00:00+00:00,sa-east,417.8,664.0,6.76,1529.53,5,4,0,18,75.6,278.88,315.82,214.7,720.13
predictive-timesfm-p90,Predictive P90 · timesfm,2026-09-21T00:00:00+00:00,us-east,1102.4,1756.2,6.76,4050.98,0,0,0,3,76.6,737.59,833.43,562.55,1917.42
predictive-timesfm-p90,Predictive P90 · timesfm,2026-09-22T00:00:00+00:00,us-east,1108.8,1770.8,6.76,4074.11,5,2,0,8,76.4,743.75,838.28,565.15,1926.93
predictive-timesfm-p90,Predictive P90 · timesfm,2026-09-23T00:00:00+00:00,us-east,1180.4,1875.0,6.76,4315.83,0,0,0,7,76.1,787.5,892.4,598.08,2037.85
predictive-timesfm-p90,Predictive P90 · timesfm,2026-09-24T00:00:00+00:00,us-east,1189.6,1899.9,6.76,4335.54,15,7,0,13,76.5,797.96,899.33,605.22,2033.03
predictive-timesfm-p90,Predictive P90 · timesfm,2026-09-25T00:00:00+00:00,us-east,1097.6,1755.2,6.76,4023.31,0,0,0,8,76.5,737.2,829.77,561.12,1895.21
predictive-timesfm-p90,Predictive P90 · timesfm,2026-09-26T00:00:00+00:00,us-east,1396.5,2216.2,6.76,5085.47,10,8,0,11,76.5,930.82,1055.75,704.59,2394.3
predictive-timesfm-p90,Predictive P90 · timesfm,2026-09-27T00:00:00+00:00,us-east,1231.3,1965.4,6.76,4525.56,0,0,0,12,76.1,825.47,930.89,628.24,2140.96
predictive-timesfm-p90,Predictive P90 · timesfm,2026-09-21T00:00:00+00:00,us-west,692.5,1105.4,6.76,2545.92,0,0,0,3,76.0,464.27,523.53,355.82,1202.29
predictive-timesfm-p90,Predictive P90 · timesfm,2026-09-22T00:00:00+00:00,us-west,683.0,1084.2,6.76,2501.6,0,0,0,3,75.9,455.38,516.35,348.6,1181.27
predictive-timesfm-p90,Predictive P90 · timesfm,2026-09-23T00:00:00+00:00,us-west,674.1,1068.2,6.76,2468.6,0,0,0,4,76.0,448.63,509.61,346.25,1164.12
predictive-timesfm-p90,Predictive P90 · timesfm,2026-09-24T00:00:00+00:00,us-west,668.0,1058.3,6.76,2440.36,0,0,0,0,75.8,444.5,505.01,341.29,1149.56
predictive-timesfm-p90,Predictive P90 · timesfm,2026-09-25T00:00:00+00:00,us-west,678.9,1079.4,6.76,2489.78,0,0,0,2,76.3,453.36,513.26,346.58,1176.58
predictive-timesfm-p90,Predictive P90 · timesfm,2026-09-26T00:00:00+00:00,us-west,792.3,1259.3,6.76,2897.64,0,0,0,8,76.1,528.92,599.0,402.53,1367.18
predictive-timesfm-p90,Predictive P90 · timesfm,2026-09-27T00:00:00+00:00,us-west,782.8,1240.3,6.76,2860.67,0,0,0,2,76.2,520.94,591.82,396.65,1351.26
predictive-timesfm-p90,Predictive P90 · timesfm,2026-09-21T00:00:00+00:00,eu-west,812.7,1285.5,6.76,2966.96,5,4,0,22,75.9,539.91,614.38,413.28,1399.4
predictive-timesfm-p90,Predictive P90 · timesfm,2026-09-22T00:00:00+00:00,eu-west,792.2,1260.0,6.76,2898.16,0,0,0,9,76.4,529.2,598.88,404.63,1365.45
predictive-timesfm-p90,Predictive P90 · timesfm,2026-09-23T00:00:00+00:00,eu-west,802.4,1276.7,6.76,2944.56,0,0,0,1,76.0,536.2,606.63,406.98,1394.76
predictive-timesfm-p90,Predictive P90 · timesfm,2026-09-24T00:00:00+00:00,eu-west,962.7,1532.8,6.76,3520.41,5,4,0,9,76.5,643.79,727.78,489.05,1659.79
predictive-timesfm-p90,Predictive P90 · timesfm,2026-09-25T00:00:00+00:00,eu-west,852.6,1346.4,6.76,3109.48,0,0,0,11,76.5,565.5,644.55,434.7,1464.74
predictive-timesfm-p90,Predictive P90 · timesfm,2026-09-26T00:00:00+00:00,eu-west,1083.9,1724.5,6.76,3974.6,20,9,0,18,76.4,724.29,819.44,550.54,1880.33
predictive-timesfm-p90,Predictive P90 · timesfm,2026-09-27T00:00:00+00:00,eu-west,903.9,1431.2,6.76,3301.25,0,0,0,17,76.1,601.09,683.36,460.15,1556.65
predictive-timesfm-p90,Predictive P90 · timesfm,2026-09-21T00:00:00+00:00,ap-south,958.8,1527.3,6.76,3517.72,0,0,0,12,77.0,641.48,724.88,488.8,1662.57
predictive-timesfm-p90,Predictive P90 · timesfm,2026-09-22T00:00:00+00:00,ap-south,975.6,1550.7,6.76,3568.46,0,0,0,5,76.6,651.28,737.54,495.1,1684.55
predictive-timesfm-p90,Predictive P90 · timesfm,2026-09-23T00:00:00+00:00,ap-south,984.1,1561.7,6.76,3600.36,5,1,0,17,76.3,655.9,743.97,502.07,1698.42
predictive-timesfm-p90,Predictive P90 · timesfm,2026-09-24T00:00:00+00:00,ap-south,1001.4,1594.1,6.76,3661.59,0,0,0,9,76.1,669.51,757.07,506.1,1728.91
predictive-timesfm-p90,Predictive P90 · timesfm,2026-09-25T00:00:00+00:00,ap-south,1059.8,1687.4,6.76,3886.16,0,0,0,10,76.4,708.71,801.23,539.78,1836.43
predictive-timesfm-p90,Predictive P90 · timesfm,2026-09-26T00:00:00+00:00,ap-south,1185.6,1891.9,6.76,4351.1,5,3,0,16,76.8,794.61,896.3,600.77,2059.42
predictive-timesfm-p90,Predictive P90 · timesfm,2026-09-27T00:00:00+00:00,ap-south,1073.8,1716.8,6.76,3948.49,0,0,0,16,76.7,721.07,811.82,547.51,1868.09
predictive-timesfm-p90,Predictive P90 · timesfm,2026-09-21T00:00:00+00:00,sa-east,371.9,584.5,6.76,1349.49,0,0,0,15,75.1,245.49,281.17,191.02,631.81
predictive-timesfm-p90,Predictive P90 · timesfm,2026-09-22T00:00:00+00:00,sa-east,367.8,580.2,6.76,1335.56,10,4,0,17,74.7,243.71,278.08,188.83,624.94
predictive-timesfm-p90,Predictive P90 · timesfm,2026-09-23T00:00:00+00:00,sa-east,367.8,578.4,6.76,1338.06,0,0,0,14,74.9,242.94,278.08,188.33,628.72
predictive-timesfm-p90,Predictive P90 · timesfm,2026-09-24T00:00:00+00:00,sa-east,368.3,586.4,6.76,1345.92,0,0,0,8,75.0,246.3,278.46,190.26,630.9
predictive-timesfm-p90,Predictive P90 · timesfm,2026-09-25T00:00:00+00:00,sa-east,382.5,600.7,6.76,1388.5,0,0,0,9,74.9,252.28,289.17,196.81,650.24
predictive-timesfm-p90,Predictive P90 · timesfm,2026-09-26T00:00:00+00:00,sa-east,508.7,804.4,6.76,1855.46,15,12,0,16,75.3,337.86,384.55,260.32,872.74
predictive-timesfm-p90,Predictive P90 · timesfm,2026-09-27T00:00:00+00:00,sa-east,420.8,669.9,6.76,1537.78,5,4,0,12,75.4,281.37,318.15,215.54,722.72
predictive-moirai-p90,Predictive P90 · moirai,2026-09-21T00:00:00+00:00,us-east,1100.8,1756.9,6.76,4044.24,0,0,0,0,76.6,737.9,832.17,561.12,1913.05
predictive-moirai-p90,Predictive P90 · moirai,2026-09-22T00:00:00+00:00,us-east,1116.1,1770.2,6.76,4079.85,10,4,0,11,76.2,743.5,843.76,566.66,1925.92
predictive-moirai-p90,Predictive P90 · moirai,2026-09-23T00:00:00+00:00,us-east,1169.8,1863.4,6.76,4286.91,0,0,0,9,76.3,782.63,884.39,594.72,2025.16
predictive-moirai-p90,Predictive P90 · moirai,2026-09-24T00:00:00+00:00,us-east,1201.2,1915.3,6.76,4376.03,15,7,0,5,76.0,804.44,908.08,611.18,2052.32
predictive-moirai-p90,Predictive P90 · moirai,2026-09-25T00:00:00+00:00,us-east,1094.2,1741.7,6.76,4007.58,0,0,0,11,77.0,731.5,827.19,553.73,1895.17
predictive-moirai-p90,Predictive P90 · moirai,2026-09-26T00:00:00+00:00,us-east,1393.3,2216.2,6.76,5104.4,5,4,0,10,76.2,930.82,1053.36,704.76,2415.46
predictive-moirai-p90,Predictive P90 · moirai,2026-09-27T00:00:00+00:00,us-east,1236.5,1971.5,6.76,4535.54,0,0,0,9,76.2,828.03,934.79,629.08,2143.64
predictive-moirai-p90,Predictive P90 · moirai,2026-09-21T00:00:00+00:00,us-west,691.6,1109.2,6.76,2552.12,0,0,0,5,76.0,465.85,522.84,358.6,1204.84
predictive-moirai-p90,Predictive P90 · moirai,2026-09-22T00:00:00+00:00,us-west,686.7,1091.8,6.76,2512.55,0,0,0,11,75.6,458.57,519.12,349.86,1185.0
predictive-moirai-p90,Predictive P90 · moirai,2026-09-23T00:00:00+00:00,us-west,673.6,1074.7,6.76,2468.89,0,0,0,7,75.8,451.36,509.23,346.42,1161.89
predictive-moirai-p90,Predictive P90 · moirai,2026-09-24T00:00:00+00:00,us-west,667.5,1060.4,6.76,2445.08,0,0,0,4,75.6,445.38,504.63,341.96,1153.11
predictive-moirai-p90,Predictive P90 · moirai,2026-09-25T00:00:00+00:00,us-west,685.3,1085.1,6.76,2503.59,0,0,0,0,75.9,455.74,518.11,349.02,1180.72
predictive-moirai-p90,Predictive P90 · moirai,2026-09-26T00:00:00+00:00,us-west,787.6,1258.8,6.76,2895.42,0,0,0,12,76.0,528.67,595.41,404.96,1366.37
predictive-moirai-p90,Predictive P90 · moirai,2026-09-27T00:00:00+00:00,us-west,781.5,1239.6,6.76,2857.8,0,0,0,14,76.2,520.62,590.81,398.83,1347.53
predictive-moirai-p90,Predictive P90 · moirai,2026-09-21T00:00:00+00:00,eu-west,811.7,1287.7,6.76,2974.37,5,4,0,21,75.9,540.82,613.62,418.57,1401.35
predictive-moirai-p90,Predictive P90 · moirai,2026-09-22T00:00:00+00:00,eu-west,798.8,1272.2,6.76,2929.77,0,0,0,8,75.7,534.34,603.92,408.49,1383.02
predictive-moirai-p90,Predictive P90 · moirai,2026-09-23T00:00:00+00:00,eu-west,799.2,1275.1,6.76,2938.0,0,0,0,1,76.1,535.53,604.23,410.26,1387.98
predictive-moirai-p90,Predictive P90 · moirai,2026-09-24T00:00:00+00:00,eu-west,956.3,1523.6,6.76,3509.44,5,4,0,10,76.5,639.9,722.99,488.8,1657.75
predictive-moirai-p90,Predictive P90 · moirai,2026-09-25T00:00:00+00:00,eu-west,851.7,1356.8,6.76,3121.2,0,0,0,17,76.1,569.87,643.86,435.46,1472.02
predictive-moirai-p90,Predictive P90 · moirai,2026-09-26T00:00:00+00:00,eu-west,1080.4,1719.1,6.76,3956.83,15,12,0,10,76.4,722.01,816.79,548.52,1869.5
predictive-moirai-p90,Predictive P90 · moirai,2026-09-27T00:00:00+00:00,eu-west,898.6,1432.6,6.76,3298.46,0,0,0,24,76.0,601.68,679.33,461.16,1556.28
predictive-moirai-p90,Predictive P90 · moirai,2026-09-21T00:00:00+00:00,ap-south,967.8,1540.8,6.76,3548.64,0,0,0,12,76.4,647.12,731.62,494.0,1675.9
predictive-moirai-p90,Predictive P90 · moirai,2026-09-22T00:00:00+00:00,ap-south,978.3,1560.6,6.76,3589.89,0,0,0,8,76.1,655.44,739.62,497.95,1696.88
predictive-moirai-p90,Predictive P90 · moirai,2026-09-23T00:00:00+00:00,ap-south,990.7,1575.2,6.76,3631.91,0,0,0,8,75.7,661.57,748.94,504.59,1716.81
predictive-moirai-p90,Predictive P90 · moirai,2026-09-24T00:00:00+00:00,ap-south,999.8,1595.0,6.76,3675.08,0,0,0,9,75.9,669.9,755.81,510.13,1739.24
predictive-moirai-p90,Predictive P90 · moirai,2026-09-25T00:00:00+00:00,ap-south,1055.1,1689.8,6.76,3884.77,0,0,0,17,76.4,709.69,797.64,540.37,1837.06
predictive-moirai-p90,Predictive P90 · moirai,2026-09-26T00:00:00+00:00,ap-south,1182.7,1880.3,6.76,4331.15,10,4,0,5,77.1,789.74,894.1,601.36,2045.95
predictive-moirai-p90,Predictive P90 · moirai,2026-09-27T00:00:00+00:00,ap-south,1077.2,1719.8,6.76,3953.41,0,0,0,10,76.5,722.29,814.4,549.53,1867.18
predictive-moirai-p90,Predictive P90 · moirai,2026-09-21T00:00:00+00:00,sa-east,370.9,588.4,6.76,1355.71,0,0,0,2,75.0,247.13,280.41,190.93,637.23
predictive-moirai-p90,Predictive P90 · moirai,2026-09-22T00:00:00+00:00,sa-east,372.3,581.5,6.76,1346.59,10,4,0,8,73.9,244.23,281.48,190.43,630.45
predictive-moirai-p90,Predictive P90 · moirai,2026-09-23T00:00:00+00:00,sa-east,367.5,584.2,6.76,1343.27,0,0,0,9,74.7,245.35,277.83,188.92,631.18
predictive-moirai-p90,Predictive P90 · moirai,2026-09-24T00:00:00+00:00,sa-east,371.5,582.7,6.76,1350.2,0,0,0,0,74.7,244.72,280.85,190.76,633.86
predictive-moirai-p90,Predictive P90 · moirai,2026-09-25T00:00:00+00:00,sa-east,382.3,601.8,6.76,1389.34,0,0,0,7,74.9,252.74,289.04,196.22,651.33
predictive-moirai-p90,Predictive P90 · moirai,2026-09-26T00:00:00+00:00,sa-east,507.5,803.9,6.76,1853.89,20,11,0,18,75.5,337.64,383.67,259.98,872.6
predictive-moirai-p90,Predictive P90 · moirai,2026-09-27T00:00:00+00:00,sa-east,423.8,667.1,6.76,1539.55,5,4,0,13,75.1,280.18,320.36,215.21,723.81
predictive-ttm-p90,Predictive P90 · ttm,2026-09-21T00:00:00+00:00,us-east,1115.7,1765.7,1.14,4085.08,0,0,0,2,75.8,741.58,843.44,567.67,1932.39
predictive-ttm-p90,Predictive P90 · ttm,2026-09-22T00:00:00+00:00,us-east,1115.2,1778.2,1.14,4096.93,5,4,0,7,76.0,746.87,843.13,566.5,1940.44
predictive-ttm-p90,Predictive P90 · ttm,2026-09-23T00:00:00+00:00,us-east,1173.3,1868.0,1.14,4299.99,0,0,0,16,76.3,784.56,887.04,597.41,2030.98
predictive-ttm-p90,Predictive P90 · ttm,2026-09-24T00:00:00+00:00,us-east,1198.4,1907.0,1.14,4362.51,15,5,0,11,76.3,800.94,906.0,610.93,2044.63
predictive-ttm-p90,Predictive P90 · ttm,2026-09-25T00:00:00+00:00,us-east,1102.7,1753.2,1.14,4043.3,0,0,0,5,76.4,736.37,833.62,560.95,1912.37
predictive-ttm-p90,Predictive P90 · ttm,2026-09-26T00:00:00+00:00,us-east,1386.5,2208.8,1.14,5079.98,10,8,0,8,76.5,927.71,1048.19,703.58,2400.49
predictive-ttm-p90,Predictive P90 · ttm,2026-09-27T00:00:00+00:00,us-east,1240.9,1974.2,1.14,4546.76,0,0,0,25,75.9,829.15,938.13,631.01,2148.46
predictive-ttm-p90,Predictive P90 · ttm,2026-09-21T00:00:00+00:00,us-west,697.6,1108.8,1.14,2554.04,0,0,0,9,75.7,465.67,527.37,356.75,1204.25
predictive-ttm-p90,Predictive P90 · ttm,2026-09-22T00:00:00+00:00,us-west,685.3,1094.1,1.14,2508.09,0,0,0,20,75.7,459.51,518.11,348.6,1181.86
predictive-ttm-p90,Predictive P90 · ttm,2026-09-23T00:00:00+00:00,us-west,675.7,1077.9,1.14,2480.95,0,0,0,7,75.5,452.72,510.8,347.34,1170.08
predictive-ttm-p90,Predictive P90 · ttm,2026-09-24T00:00:00+00:00,us-west,673.0,1067.6,1.14,2458.64,0,0,0,11,75.3,448.38,508.79,342.72,1158.75
predictive-ttm-p90,Predictive P90 · ttm,2026-09-25T00:00:00+00:00,us-west,689.9,1095.1,1.14,2524.45,0,0,0,3,75.3,459.94,521.58,353.39,1189.55
predictive-ttm-p90,Predictive P90 · ttm,2026-09-26T00:00:00+00:00,us-west,793.3,1264.6,1.14,2913.1,0,0,0,12,75.5,531.12,599.76,407.06,1375.15
predictive-ttm-p90,Predictive P90 · ttm,2026-09-27T00:00:00+00:00,us-west,782.4,1252.3,1.14,2879.33,0,0,0,13,75.4,525.98,591.51,401.44,1360.4
predictive-ttm-p90,Predictive P90 · ttm,2026-09-21T00:00:00+00:00,eu-west,813.8,1296.5,1.14,2992.66,10,6,0,22,75.5,544.53,615.2,418.07,1414.87
predictive-ttm-p90,Predictive P90 · ttm,2026-09-22T00:00:00+00:00,eu-west,798.9,1269.5,1.14,2925.38,0,0,0,7,75.6,533.19,603.98,407.74,1380.47
predictive-ttm-p90,Predictive P90 · ttm,2026-09-23T00:00:00+00:00,eu-west,804.0,1283.8,1.14,2951.62,0,0,0,4,75.6,539.21,607.82,411.52,1393.07
predictive-ttm-p90,Predictive P90 · ttm,2026-09-24T00:00:00+00:00,eu-west,964.6,1537.5,1.14,3539.25,5,4,0,7,76.0,645.75,729.23,492.74,1671.53
predictive-ttm-p90,Predictive P90 · ttm,2026-09-25T00:00:00+00:00,eu-west,854.2,1359.9,1.14,3132.7,0,0,0,12,75.9,571.16,645.81,436.38,1479.34
predictive-ttm-p90,Predictive P90 · ttm,2026-09-26T00:00:00+00:00,eu-west,1083.0,1722.3,1.14,3961.59,15,12,0,23,76.4,723.38,818.75,550.96,1868.5
predictive-ttm-p90,Predictive P90 · ttm,2026-09-27T00:00:00+00:00,eu-west,906.1,1438.3,1.14,3321.8,0,0,0,21,75.6,604.1,685.0,464.77,1567.93
predictive-ttm-p90,Predictive P90 · ttm,2026-09-21T00:00:00+00:00,ap-south,963.0,1534.7,1.14,3535.37,0,0,0,15,76.6,644.56,728.03,490.98,1671.81
predictive-ttm-p90,Predictive P90 · ttm,2026-09-22T00:00:00+00:00,ap-south,978.0,1558.7,1.14,3589.95,0,0,0,13,76.2,654.64,739.37,500.47,1695.47
predictive-ttm-p90,Predictive P90 · ttm,2026-09-23T00:00:00+00:00,ap-south,984.0,1569.8,1.14,3610.11,0,0,0,14,76.1,659.29,743.9,500.39,1706.52
predictive-ttm-p90,Predictive P90 · ttm,2026-09-24T00:00:00+00:00,ap-south,997.6,1590.2,1.14,3661.32,5,3,0,18,75.9,667.87,754.17,508.37,1730.91
predictive-ttm-p90,Predictive P90 · ttm,2026-09-25T00:00:00+00:00,ap-south,1063.4,1691.8,1.14,3900.54,0,0,0,10,76.0,710.54,803.94,542.81,1843.25
predictive-ttm-p90,Predictive P90 · ttm,2026-09-26T00:00:00+00:00,ap-south,1187.6,1902.6,1.14,4370.73,5,2,0,10,76.4,799.08,897.81,608.5,2065.34
predictive-ttm-p90,Predictive P90 · ttm,2026-09-27T00:00:00+00:00,ap-south,1084.1,1727.8,1.14,3974.24,0,0,0,22,76.1,725.65,819.57,552.05,1876.97
predictive-ttm-p90,Predictive P90 · ttm,2026-09-21T00:00:00+00:00,sa-east,374.5,592.2,1.14,1366.55,0,0,0,1,74.6,248.75,283.12,192.36,642.32
predictive-ttm-p90,Predictive P90 · ttm,2026-09-22T00:00:00+00:00,sa-east,373.5,588.6,1.14,1353.91,10,4,0,6,73.6,247.2,282.37,190.93,633.41
predictive-ttm-p90,Predictive P90 · ttm,2026-09-23T00:00:00+00:00,sa-east,371.1,585.6,1.14,1351.22,0,0,0,11,74.3,245.94,280.54,189.92,634.82
predictive-ttm-p90,Predictive P90 · ttm,2026-09-24T00:00:00+00:00,sa-east,371.5,581.5,1.14,1346.69,0,0,0,6,74.9,244.23,280.85,190.43,631.18
predictive-ttm-p90,Predictive P90 · ttm,2026-09-25T00:00:00+00:00,sa-east,384.1,607.8,1.14,1398.39,0,0,0,1,74.5,255.29,290.37,196.31,656.43
predictive-ttm-p90,Predictive P90 · ttm,2026-09-26T00:00:00+00:00,sa-east,513.1,812.7,1.14,1872.91,15,12,0,12,74.7,341.32,387.89,262.0,881.7
predictive-ttm-p90,Predictive P90 · ttm,2026-09-27T00:00:00+00:00,sa-east,420.8,669.1,1.14,1540.54,5,4,0,23,75.4,281.01,318.09,216.22,725.22
predictive-seasonal-naive-p90,Predictive P90 · seasonal-naive,2026-09-21T00:00:00+00:00,us-east,1265.8,2010.6,0.06,4635.23,0,0,0,3,66.3,844.44,956.97,639.58,2194.24
predictive-seasonal-naive-p90,Predictive P90 · seasonal-naive,2026-09-22T00:00:00+00:00,us-east,1172.8,1867.4,0.06,4298.83,5,4,0,3,72.6,784.32,886.66,596.23,2031.62
predictive-seasonal-naive-p90,Predictive P90 · seasonal-naive,2026-09-23T00:00:00+00:00,us-east,1178.4,1878.6,0.06,4324.2,65,4,0,8,74.5,789.0,890.88,601.27,2043.04
predictive-seasonal-naive-p90,Predictive P90 · seasonal-naive,2026-09-24T00:00:00+00:00,us-east,1250.0,1997.0,0.06,4561.23,90,4,0,1,74.4,838.74,945.0,636.22,2141.28
predictive-seasonal-naive-p90,Predictive P90 · seasonal-naive,2026-09-25T00:00:00+00:00,us-east,1251.6,1999.2,0.06,4554.6,0,0,0,1,70.6,839.65,946.2,634.62,2134.13
predictive-seasonal-naive-p90,Predictive P90 · seasonal-naive,2026-09-26T00:00:00+00:00,us-east,1163.8,1858.3,0.06,4275.32,205,12,0,3,89.3,780.5,879.8,592.96,2022.07
predictive-seasonal-naive-p90,Predictive P90 · seasonal-naive,2026-09-27T00:00:00+00:00,us-east,1471.1,2354.4,0.06,5399.14,0,0,0,10,67.5,988.85,1112.14,746.59,2551.55
predictive-seasonal-naive-p90,Predictive P90 · seasonal-naive,2026-09-21T00:00:00+00:00,us-west,795.8,1263.5,0.06,2919.4,0,0,0,0,65.5,530.67,601.65,407.57,1379.51
predictive-seasonal-naive-p90,Predictive P90 · seasonal-naive,2026-09-22T00:00:00+00:00,us-west,734.2,1170.2,0.06,2696.1,0,0,0,1,71.0,491.5,555.03,377.24,1272.32
predictive-seasonal-naive-p90,Predictive P90 · seasonal-naive,2026-09-23T00:00:00+00:00,us-west,723.3,1151.4,0.06,2649.17,0,0,0,5,71.5,483.6,546.84,369.85,1248.88
predictive-seasonal-naive-p90,Predictive P90 · seasonal-naive,2026-09-24T00:00:00+00:00,us-west,713.2,1137.3,0.06,2619.61,0,0,0,1,70.8,477.68,539.22,365.06,1237.65
predictive-seasonal-naive-p90,Predictive P90 · seasonal-naive,2026-09-25T00:00:00+00:00,us-west,707.3,1121.8,0.06,2582.6,0,0,0,0,72.8,471.17,534.74,360.61,1216.08
predictive-seasonal-naive-p90,Predictive P90 · seasonal-naive,2026-09-26T00:00:00+00:00,us-west,721.8,1146.5,0.06,2641.2,180,8,0,0,84.9,481.53,545.71,368.68,1245.29
predictive-seasonal-naive-p90,Predictive P90 · seasonal-naive,2026-09-27T00:00:00+00:00,us-west,838.1,1338.3,0.06,3075.64,0,0,0,8,70.6,562.1,633.59,428.82,1451.13
predictive-seasonal-naive-p90,Predictive P90 · seasonal-naive,2026-09-21T00:00:00+00:00,eu-west,937.3,1491.7,0.06,3436.68,15,5,0,4,65.5,626.5,708.62,476.62,1624.94
predictive-seasonal-naive-p90,Predictive P90 · seasonal-naive,2026-09-22T00:00:00+00:00,eu-west,857.6,1366.4,0.06,3149.33,0,0,0,12,70.9,573.89,648.33,440.66,1486.44
predictive-seasonal-naive-p90,Predictive P90 · seasonal-naive,2026-09-23T00:00:00+00:00,eu-west,843.8,1342.8,0.06,3091.37,0,0,0,1,72.2,563.99,637.88,430.5,1459.0
predictive-seasonal-naive-p90,Predictive P90 · seasonal-naive,2026-09-24T00:00:00+00:00,eu-west,845.4,1346.1,0.06,3099.36,295,4,0,1,82.5,565.35,639.13,430.58,1464.28
predictive-seasonal-naive-p90,Predictive P90 · seasonal-naive,2026-09-25T00:00:00+00:00,eu-west,1015.6,1620.4,0.06,3729.59,0,0,0,2,68.4,680.58,767.78,518.2,1763.03
predictive-seasonal-naive-p90,Predictive P90 · seasonal-naive,2026-09-26T00:00:00+00:00,eu-west,905.8,1433.3,0.06,3307.42,175,8,0,0,88.4,602.0,684.75,461.66,1559.01
predictive-seasonal-naive-p90,Predictive P90 · seasonal-naive,2026-09-27T00:00:00+00:00,eu-west,1151.8,1832.5,0.06,4212.98,0,0,4,4,67.2,769.65,870.72,584.89,1987.71
predictive-seasonal-naive-p90,Predictive P90 · seasonal-naive,2026-09-21T00:00:00+00:00,ap-south,1121.8,1790.5,0.06,4120.82,0,0,0,5,66.7,752.01,848.11,571.12,1949.58
predictive-seasonal-naive-p90,Predictive P90 · seasonal-naive,2026-09-22T00:00:00+00:00,ap-south,1022.1,1633.9,0.06,3759.08,0,0,0,0,72.5,686.25,772.7,520.04,1780.1
predictive-seasonal-naive-p90,Predictive P90 · seasonal-naive,2026-09-23T00:00:00+00:00,ap-south,1029.4,1643.3,0.06,3785.34,10,4,0,0,72.6,690.2,778.24,528.61,1788.29
predictive-seasonal-naive-p90,Predictive P90 · seasonal-naive,2026-09-24T00:00:00+00:00,ap-south,1049.8,1660.5,0.06,3834.55,10,8,0,6,72.4,697.41,793.67,533.57,1809.9
predictive-seasonal-naive-p90,Predictive P90 · seasonal-naive,2026-09-25T00:00:00+00:00,ap-south,1052.6,1679.1,0.06,3874.54,20,4,0,9,75.9,705.22,795.75,538.1,1835.47
predictive-seasonal-naive-p90,Predictive P90 · seasonal-naive,2026-09-26T00:00:00+00:00,ap-south,1122.5,1787.6,0.06,4121.55,155,5,0,2,82.8,750.78,848.61,570.02,1952.13
predictive-seasonal-naive-p90,Predictive P90 · seasonal-naive,2026-09-27T00:00:00+00:00,ap-south,1255.2,2003.2,0.06,4608.2,0,0,0,4,67.7,841.37,948.91,637.48,2180.45
predictive-seasonal-naive-p90,Predictive P90 · seasonal-naive,2026-09-21T00:00:00+00:00,sa-east,444.2,698.6,0.06,1608.91,0,0,0,1,63.7,293.4,335.79,223.78,755.94
predictive-seasonal-naive-p90,Predictive P90 · seasonal-naive,2026-09-22T00:00:00+00:00,sa-east,392.5,623.6,0.06,1431.62,15,4,0,0,70.1,261.91,296.73,201.26,671.72
predictive-seasonal-naive-p90,Predictive P90 · seasonal-naive,2026-09-23T00:00:00+00:00,sa-east,389.2,614.9,0.06,1417.37,0,0,0,4,70.9,258.26,294.27,199.16,665.67
predictive-seasonal-naive-p90,Predictive P90 · seasonal-naive,2026-09-24T00:00:00+00:00,sa-east,386.7,614.9,0.06,1420.69,0,0,0,2,71.1,258.26,292.32,200.84,669.26
predictive-seasonal-naive-p90,Predictive P90 · seasonal-naive,2026-09-25T00:00:00+00:00,sa-east,389.8,618.0,0.06,1425.08,40,4,0,1,72.2,259.56,294.65,200.42,670.44
predictive-seasonal-naive-p90,Predictive P90 · seasonal-naive,2026-09-26T00:00:00+00:00,sa-east,403.6,641.8,0.06,1475.27,175,8,0,1,91.6,269.57,305.11,207.31,693.28
predictive-seasonal-naive-p90,Predictive P90 · seasonal-naive,2026-09-27T00:00:00+00:00,sa-east,536.4,851.2,0.06,1960.3,30,4,4,14,66.9,357.49,405.53,274.18,923.1
predictive-xgboost-p50,Predictive P50 · xgboost,2026-09-21T00:00:00+00:00,us-east,1062.6,1700.0,0.06,3905.26,0,0,0,5,79.3,714.0,803.31,541.46,1846.48
predictive-xgboost-p50,Predictive P50 · xgboost,2026-09-22T00:00:00+00:00,us-east,1062.2,1691.6,0.06,3895.78,10,4,0,7,79.9,710.46,803.06,540.37,1841.89
predictive-xgboost-p50,Predictive P50 · xgboost,2026-09-23T00:00:00+00:00,us-east,1124.2,1796.3,0.06,4128.48,0,0,0,5,79.8,754.46,849.87,573.97,1950.18
predictive-xgboost-p50,Predictive P50 · xgboost,2026-09-24T00:00:00+00:00,us-east,1137.0,1820.7,0.06,4169.54,10,8,0,6,79.8,764.68,859.57,578.59,1966.69
predictive-xgboost-p50,Predictive P50 · xgboost,2026-09-25T00:00:00+00:00,us-east,1057.8,1687.5,0.06,3880.65,0,0,0,7,79.6,708.75,799.66,537.77,1834.47
predictive-xgboost-p50,Predictive P50 · xgboost,2026-09-26T00:00:00+00:00,us-east,1314.8,2100.5,0.06,4835.23,20,12,0,10,80.4,882.21,993.95,671.33,2287.74
predictive-xgboost-p50,Predictive P50 · xgboost,2026-09-27T00:00:00+00:00,us-east,1176.0,1874.8,0.06,4312.88,0,0,0,5,79.7,787.43,889.06,596.99,2039.4
predictive-xgboost-p50,Predictive P50 · xgboost,2026-09-21T00:00:00+00:00,us-west,670.2,1061.8,0.06,2449.85,0,0,0,0,78.9,445.97,506.71,344.06,1153.11
predictive-xgboost-p50,Predictive P50 · xgboost,2026-09-22T00:00:00+00:00,us-west,655.7,1039.7,0.06,2398.56,0,0,0,5,79.0,436.66,495.68,334.99,1131.22
predictive-xgboost-p50,Predictive P50 · xgboost,2026-09-23T00:00:00+00:00,us-west,644.5,1026.3,0.06,2367.19,0,0,0,0,79.2,431.06,487.24,332.64,1116.25
predictive-xgboost-p50,Predictive P50 · xgboost,2026-09-24T00:00:00+00:00,us-west,638.9,1015.4,0.06,2342.61,0,0,0,5,79.1,426.48,483.02,325.92,1107.2
predictive-xgboost-p50,Predictive P50 · xgboost,2026-09-25T00:00:00+00:00,us-west,653.3,1039.4,0.06,2395.9,0,0,0,2,79.1,436.55,493.92,335.66,1129.76
predictive-xgboost-p50,Predictive P50 · xgboost,2026-09-26T00:00:00+00:00,us-west,752.2,1197.6,0.06,2758.69,5,2,0,22,79.8,502.99,568.7,385.98,1301.03
predictive-xgboost-p50,Predictive P50 · xgboost,2026-09-27T00:00:00+00:00,us-west,746.9,1188.4,0.06,2733.15,0,0,0,3,79.5,499.13,564.67,381.19,1288.15
predictive-xgboost-p50,Predictive P50 · xgboost,2026-09-21T00:00:00+00:00,eu-west,773.0,1227.8,0.06,2829.95,20,8,0,11,79.6,515.69,584.39,396.31,1333.56
predictive-xgboost-p50,Predictive P50 · xgboost,2026-09-22T00:00:00+00:00,eu-west,762.9,1216.2,0.06,2800.19,0,0,0,4,79.1,510.83,576.76,391.19,1321.41
predictive-xgboost-p50,Predictive P50 · xgboost,2026-09-23T00:00:00+00:00,eu-west,770.2,1225.2,0.06,2820.01,0,0,0,1,79.3,514.57,582.25,392.95,1330.24
predictive-xgboost-p50,Predictive P50 · xgboost,2026-09-24T00:00:00+00:00,eu-west,922.3,1466.5,0.06,3376.8,5,4,0,5,79.6,615.93,697.28,470.32,1593.27
predictive-xgboost-p50,Predictive P50 · xgboost,2026-09-25T00:00:00+00:00,eu-west,826.2,1318.2,0.06,3026.08,0,0,0,4,79.0,553.66,624.58,421.18,1426.65
predictive-xgboost-p50,Predictive P50 · xgboost,2026-09-26T00:00:00+00:00,eu-west,1013.1,1613.2,0.06,3716.75,15,12,0,13,80.6,677.53,765.89,517.44,1755.89
predictive-xgboost-p50,Predictive P50 · xgboost,2026-09-27T00:00:00+00:00,eu-west,862.0,1368.1,0.06,3153.99,0,0,0,0,79.8,574.59,651.67,439.24,1488.49
predictive-xgboost-p50,Predictive P50 · xgboost,2026-09-21T00:00:00+00:00,ap-south,929.8,1480.4,0.06,3404.87,0,0,0,1,79.5,621.77,702.89,472.92,1607.29
predictive-xgboost-p50,Predictive P50 · xgboost,2026-09-22T00:00:00+00:00,ap-south,932.6,1487.2,0.06,3424.84,0,0,0,2,79.8,624.61,705.03,475.36,1619.85
predictive-xgboost-p50,Predictive P50 · xgboost,2026-09-23T00:00:00+00:00,ap-south,940.8,1487.6,0.06,3434.15,5,4,0,11,79.8,624.78,711.27,478.8,1619.3
predictive-xgboost-p50,Predictive P50 · xgboost,2026-09-24T00:00:00+00:00,ap-south,954.5,1514.2,0.06,3492.1,10,4,0,7,79.7,635.98,721.6,484.6,1649.92
predictive-xgboost-p50,Predictive P50 · xgboost,2026-09-25T00:00:00+00:00,ap-south,1014.0,1615.7,0.06,3719.53,0,0,0,8,79.8,678.58,766.58,518.7,1755.66
predictive-xgboost-p50,Predictive P50 · xgboost,2026-09-26T00:00:00+00:00,ap-south,1132.3,1800.4,0.06,4144.89,10,7,0,7,80.4,756.17,856.04,575.4,1957.27
predictive-xgboost-p50,Predictive P50 · xgboost,2026-09-27T00:00:00+00:00,ap-south,1036.5,1652.3,0.06,3803.69,0,0,0,1,79.6,693.98,783.59,527.77,1798.34
predictive-xgboost-p50,Predictive P50 · xgboost,2026-09-21T00:00:00+00:00,sa-east,354.6,562.6,0.06,1295.31,0,0,0,0,78.6,236.28,268.07,182.53,608.43
predictive-xgboost-p50,Predictive P50 · xgboost,2026-09-22T00:00:00+00:00,sa-east,348.0,555.0,0.06,1273.08,10,4,0,9,78.6,233.1,263.09,178.84,598.05
predictive-xgboost-p50,Predictive P50 · xgboost,2026-09-23T00:00:00+00:00,sa-east,350.2,557.1,0.06,1281.97,0,0,0,2,78.4,233.97,264.79,181.61,601.6
predictive-xgboost-p50,Predictive P50 · xgboost,2026-09-24T00:00:00+00:00,sa-east,356.1,559.0,0.06,1295.3,0,0,0,1,78.0,234.78,269.2,182.53,608.79
predictive-xgboost-p50,Predictive P50 · xgboost,2026-09-25T00:00:00+00:00,sa-east,365.3,576.8,0.06,1331.55,0,0,0,4,78.3,242.24,276.19,187.32,625.81
predictive-xgboost-p50,Predictive P50 · xgboost,2026-09-26T00:00:00+00:00,sa-east,476.3,756.8,0.06,1742.42,40,18,0,14,79.6,317.83,360.11,244.02,820.46
predictive-xgboost-p50,Predictive P50 · xgboost,2026-09-27T00:00:00+00:00,sa-east,403.0,639.6,0.06,1468.83,15,4,0,7,78.8,268.62,304.67,205.21,690.33
